YYYY-MM-DD,hh:mm,Original,Calculated,Flag
1923-03-01,--:--,-999,0.433,100
1923-04-01,--:--,-999,0.042,100
1923-05-01,--:--,-999,0.003,100
1923-06-01,--:--,-999,0,100
1923-07-01,--:--,-999,0,100
1923-08-01,--:--,-999,0,100
1923-09-01,--:--,-999,0,100
1923-10-01,--:--,-999,0,100
1923-11-01,--:--,-999,0,100
1923-12-01,--:--,-999,0.201,100
1924-01-01,--:--,-999,0.277,100
1924-02-01,--:--,-999,0.115,100
1924-03-01,--:--,-999,0.244,100
1924-04-01,--:--,-999,0.256,100
1924-05-01,--:--,-999,0.009,100
1924-06-01,--:--,-999,0,100
1924-07-01,--:--,-999,0,100
1924-08-01,--:--,-999,0,100
1924-09-01,--:--,-999,0,100
1924-10-01,--:--,-999,0,100
1924-11-01,--:--,-999,0,100
1924-12-01,--:--,-999,0.076,100
1925-01-01,--:--,-999,0.182,100
1925-02-01,--:--,-999,0.037,100
1925-03-01,--:--,-999,0.033,100
1925-04-01,--:--,-999,0.038,100
1925-05-01,--:--,-999,0.002,100
1925-06-01,--:--,-999,0,100
1925-07-01,--:--,-999,0,100
1925-08-01,--:--,-999,0,100
1925-09-01,--:--,-999,0,100
1925-10-01,--:--,-999,0,100
1925-11-01,--:--,-999,0,100
1925-12-01,--:--,-999,0.009,100
1926-01-01,--:--,-999,0.005,100
1926-02-01,--:--,-999,0.581,100
1926-03-01,--:--,-999,0.096,100
1926-04-01,--:--,-999,6.761,100
1926-05-01,--:--,-999,0.068,100
1926-06-01,--:--,-999,0.01,100
1926-07-01,--:--,-999,0,100
1926-08-01,--:--,-999,0,100
1926-09-01,--:--,-999,0,97
1926-10-01,--:--,-999,-999,0
1926-11-01,--:--,-999,-999,0
1926-12-01,--:--,-999,-999,0
1927-01-01,--:--,-999,-999,0
1927-02-01,--:--,-999,-999,0
1927-03-01,--:--,-999,-999,0
1927-04-01,--:--,-999,-999,0
1927-05-01,--:--,-999,-999,0
1927-06-01,--:--,-999,-999,0
1927-07-01,--:--,-999,-999,0
1927-08-01,--:--,-999,-999,0
1927-09-01,--:--,-999,-999,0
1927-10-01,--:--,-999,-999,0
1927-11-01,--:--,-999,-999,0
1927-12-01,--:--,-999,-999,0
1928-01-01,--:--,-999,-999,0
1928-02-01,--:--,-999,-999,0
1928-03-01,--:--,-999,-999,0
1928-04-01,--:--,-999,-999,0
1928-05-01,--:--,-999,-999,0
1928-06-01,--:--,-999,-999,0
1928-07-01,--:--,-999,-999,0
1928-08-01,--:--,-999,-999,0
1928-09-01,--:--,-999,-999,0
1928-10-01,--:--,-999,-999,0
1928-11-01,--:--,-999,-999,0
1928-12-01,--:--,-999,-999,0
1929-01-01,--:--,-999,-999,0
1929-02-01,--:--,-999,-999,0
1929-03-01,--:--,-999,-999,0
1929-04-01,--:--,-999,-999,0
1929-05-01,--:--,-999,-999,0
1929-06-01,--:--,-999,-999,0
1929-07-01,--:--,-999,-999,0
1929-08-01,--:--,-999,-999,0
1929-09-01,--:--,-999,-999,0
1929-10-01,--:--,-999,-999,0
1929-11-01,--:--,-999,-999,0
1929-12-01,--:--,-999,-999,0
1930-01-01,--:--,-999,-999,0
1930-02-01,--:--,-999,-999,0
1930-03-01,--:--,-999,-999,0
1930-04-01,--:--,-999,-999,0
1930-05-01,--:--,-999,-999,0
1930-06-01,--:--,-999,-999,0
1930-07-01,--:--,-999,-999,0
1930-08-01,--:--,-999,-999,0
1930-09-01,--:--,-999,-999,0
1930-10-01,--:--,-999,0.002,100
1930-11-01,--:--,-999,0.017,100
1930-12-01,--:--,-999,0.026,100
1931-01-01,--:--,-999,0.108,100
1931-02-01,--:--,-999,1.256,100
1931-03-01,--:--,-999,0.215,100
1931-04-01,--:--,-999,0.096,100
1931-05-01,--:--,-999,0.056,100
1931-06-01,--:--,-999,0.021,100
1931-07-01,--:--,-999,0.004,100
1931-08-01,--:--,-999,0.003,100
1931-09-01,--:--,-999,0.001,100
1931-10-01,--:--,-999,0.011,100
1931-11-01,--:--,-999,0.035,100
1931-12-01,--:--,-999,1.296,100
1932-01-01,--:--,-999,0.869,100
1932-02-01,--:--,-999,15.374,100
1932-03-01,--:--,-999,1.648,100
1932-04-01,--:--,-999,0.231,100
1932-05-01,--:--,-999,0.152,100
1932-06-01,--:--,-999,0.047,100
1932-07-01,--:--,-999,0.012,100
1932-08-01,--:--,-999,0.008,100
1932-09-01,--:--,-999,0.013,100
1932-10-01,--:--,-999,0.045,100
1932-11-01,--:--,-999,0.044,100
1932-12-01,--:--,-999,0.282,100
1933-01-01,--:--,-999,1.279,100
1933-02-01,--:--,-999,0.805,100
1933-03-01,--:--,-999,0.289,100
1933-04-01,--:--,-999,0.147,100
1933-05-01,--:--,-999,0.081,100
1933-06-01,--:--,-999,0.032,100
1933-07-01,--:--,-999,0.029,100
1933-08-01,--:--,-999,0.027,100
1933-09-01,--:--,-999,0.032,100
1933-10-01,--:--,-999,0.04,100
1933-11-01,--:--,-999,0.037,100
1933-12-01,--:--,-999,0.169,100
1934-01-01,--:--,-999,1.457,100
1934-02-01,--:--,-999,0.267,100
1934-03-01,--:--,-999,0.197,100
1934-04-01,--:--,-999,0.067,100
1934-05-01,--:--,-999,0.035,100
1934-06-01,--:--,-999,0.033,100
1934-07-01,--:--,-999,0.015,100
1934-08-01,--:--,-999,0.011,100
1934-09-01,--:--,-999,0.011,100
1934-10-01,--:--,-999,0.023,100
1934-11-01,--:--,-999,0.045,100
1934-12-01,--:--,-999,0.457,100
1935-01-01,--:--,-999,0.897,100
1935-02-01,--:--,-999,1.867,100
1935-03-01,--:--,-999,1.829,100
1935-04-01,--:--,-999,0.586,100
1935-05-01,--:--,-999,0.139,100
1935-06-01,--:--,-999,0.143,100
1935-07-01,--:--,-999,0.076,100
1935-08-01,--:--,-999,0.065,100
1935-09-01,--:--,-999,0.065,100
1935-10-01,--:--,-999,0.063,100
1935-11-01,--:--,-999,0.069,100
1935-12-01,--:--,-999,0.071,100
1936-01-01,--:--,-999,0.072,100
1936-02-01,--:--,-999,3.619,100
1936-03-01,--:--,-999,0.488,100
1936-04-01,--:--,-999,0.547,100
1936-05-01,--:--,-999,0.12,100
1936-06-01,--:--,-999,0.118,100
1936-07-01,--:--,-999,0.089,100
1936-08-01,--:--,-999,0.051,100
1936-09-01,--:--,-999,0.045,100
1936-10-01,--:--,-999,0.065,100
1936-11-01,--:--,-999,0.068,100
1936-12-01,--:--,-999,2.647,100
1937-01-01,--:--,-999,3.763,100
1937-02-01,--:--,-999,28.375,100
1937-03-01,--:--,-999,16.581,100
1937-04-01,--:--,-999,4.04,100
1937-05-01,--:--,-999,0.979,100
1937-06-01,--:--,-999,0.319,100
1937-07-01,--:--,-999,0.013,100
1937-08-01,--:--,-999,0.011,100
1937-09-01,--:--,-999,0,100
1937-10-01,--:--,-999,0.018,100
1937-11-01,--:--,-999,0.02,100
1937-12-01,--:--,-999,0.315,100
1938-01-01,--:--,-999,0.501,100
1938-02-01,--:--,-999,2.667,100
1938-03-01,--:--,-999,48.984,100
1938-04-01,--:--,-999,2.541,100
1938-05-01,--:--,-999,1.234,100
1938-06-01,--:--,-999,0.243,100
1938-07-01,--:--,-999,0.014,100
1938-08-01,--:--,-999,0,100
1938-09-01,--:--,-999,0,100
1938-10-01,--:--,-999,0,100
1938-11-01,--:--,-999,0.075,100
1938-12-01,--:--,-999,2.04,100
1939-01-01,--:--,-999,1.71,100
1939-02-01,--:--,-999,3.976,100
1939-03-01,--:--,-999,1.63,100
1939-04-01,--:--,-999,0.941,100
1939-05-01,--:--,-999,0.22,100
1939-06-01,--:--,-999,0.002,100
1939-07-01,--:--,-999,0,100
1939-08-01,--:--,-999,0,100
1939-09-01,--:--,-999,0.382,100
1939-10-01,--:--,-999,0.138,100
1939-11-01,--:--,-999,0.21,100
1939-12-01,--:--,-999,0.294,100
1940-01-01,--:--,-999,3.227,100
1940-02-01,--:--,-999,4.687,100
1940-03-01,--:--,-999,0.885,100
1940-04-01,--:--,-999,1.016,100
1940-05-01,--:--,-999,0.157,100
1940-06-01,--:--,-999,0,100
1940-07-01,--:--,-999,0,100
1940-08-01,--:--,-999,0,100
1940-09-01,--:--,-999,0,100
1940-10-01,--:--,-999,0,100
1940-11-01,--:--,-999,0,100
1940-12-01,--:--,-999,3.995,100
1941-01-01,--:--,-999,1.251,100
1941-02-01,--:--,-999,8.627,100
1941-03-01,--:--,-999,24.67,100
1941-04-01,--:--,-999,13.159,100
1941-05-01,--:--,-999,2.846,100
1941-06-01,--:--,-999,0.813,100
1941-07-01,--:--,-999,0.072,100
1941-08-01,--:--,-999,0.002,100
1941-09-01,--:--,-999,0,100
1941-10-01,--:--,-999,0.376,100
1941-11-01,--:--,-999,0.623,100
1941-12-01,--:--,-999,1.383,100
1942-01-01,--:--,-999,1.617,100
1942-02-01,--:--,-999,1.287,100
1942-03-01,--:--,-999,1.387,100
1942-04-01,--:--,-999,0.976,100
1942-05-01,--:--,-999,0.289,100
1942-06-01,--:--,-999,0.04,100
1942-07-01,--:--,-999,0,100
1942-08-01,--:--,-999,0,100
1942-09-01,--:--,-999,0,100
1942-10-01,--:--,-999,0,100
1942-11-01,--:--,-999,0.017,100
1942-12-01,--:--,-999,0.249,100
1943-01-01,--:--,-999,15.059,100
1943-02-01,--:--,-999,6.783,100
1943-03-01,--:--,-999,10.211,100
1943-04-01,--:--,-999,2.045,100
1943-05-01,--:--,-999,0.488,100
1943-06-01,--:--,-999,0.079,100
1943-07-01,--:--,-999,0,100
1943-08-01,--:--,-999,0,100
1943-09-01,--:--,-999,0,100
1943-10-01,--:--,-999,0,100
1943-11-01,--:--,-999,0,100
1943-12-01,--:--,-999,1.511,100
1944-01-01,--:--,-999,0.805,100
1944-02-01,--:--,-999,7.02,100
1944-03-01,--:--,-999,2.96,100
1944-04-01,--:--,-999,0.693,100
1944-05-01,--:--,-999,0.215,100
1944-06-01,--:--,-999,0.072,100
1944-07-01,--:--,-999,0,100
1944-08-01,--:--,-999,0,100
1944-09-01,--:--,-999,0,100
1944-10-01,--:--,-999,0,100
1944-11-01,--:--,-999,1.864,100
1944-12-01,--:--,-999,0.489,100
1945-01-01,--:--,-999,0.48,100
1945-02-01,--:--,-999,1.459,100
1945-03-01,--:--,-999,4.047,100
1945-04-01,--:--,-999,1.024,100
1945-05-01,--:--,-999,0.183,100
1945-06-01,--:--,-999,0.026,100
1945-07-01,--:--,-999,0,100
1945-08-01,--:--,-999,0,100
1945-09-01,--:--,-999,0,100
1945-10-01,--:--,-999,0,100
1945-11-01,--:--,-999,0,100
1945-12-01,--:--,-999,1.86,100
1946-01-01,--:--,-999,0.507,100
1946-02-01,--:--,-999,0.53,100
1946-03-01,--:--,-999,1.19,100
1946-04-01,--:--,-999,1.295,100
1946-05-01,--:--,-999,0.071,100
1946-06-01,--:--,-999,0,100
1946-07-01,--:--,-999,0.016,100
1946-08-01,--:--,-999,0,100
1946-09-01,--:--,-999,0,100
1946-10-01,--:--,-999,0,100
1946-11-01,--:--,-999,0.63,100
1946-12-01,--:--,-999,1.011,100
1947-01-01,--:--,-999,0.698,100
1947-02-01,--:--,-999,0.482,100
1947-03-01,--:--,-999,0.325,100
1947-04-01,--:--,-999,0.115,100
1947-05-01,--:--,-999,0.002,100
1947-06-01,--:--,-999,0,100
1947-07-01,--:--,-999,0,100
1947-08-01,--:--,-999,0,100
1947-09-01,--:--,-999,0,100
1947-10-01,--:--,-999,0,100
1947-11-01,--:--,-999,0,100
1947-12-01,--:--,-999,0,100
1948-01-01,--:--,-999,0,100
1948-02-01,--:--,-999,0.1,100
1948-03-01,--:--,-999,0.081,100
1948-04-01,--:--,-999,0.088,100
1948-05-01,--:--,-999,0,100
1948-06-01,--:--,-999,0,100
1948-07-01,--:--,-999,0,100
1948-08-01,--:--,-999,0,100
1948-09-01,--:--,-999,0,100
1948-10-01,--:--,-999,0,100
1948-11-01,--:--,-999,0,100
1948-12-01,--:--,-999,0,100
1949-01-01,--:--,-999,0,100
1949-02-01,--:--,-999,0.087,100
1949-03-01,--:--,-999,0.142,100
1949-04-01,--:--,-999,0,100
1949-05-01,--:--,-999,0,100
1949-06-01,--:--,-999,0,100
1949-07-01,--:--,-999,0,100
1949-08-01,--:--,-999,0,100
1949-09-01,--:--,-999,0,100
1949-10-01,--:--,-999,0,100
1949-11-01,--:--,-999,0,100
1949-12-01,--:--,-999,0,100
1950-01-01,--:--,-999,0,100
1950-02-01,--:--,-999,0,100
1950-03-01,--:--,-999,0,100
1950-04-01,--:--,-999,0,100
1950-05-01,--:--,-999,0,100
1950-06-01,--:--,-999,0,100
1950-07-01,--:--,-999,0,100
1950-08-01,--:--,-999,0,100
1950-09-01,--:--,-999,0,100
1950-10-01,--:--,-999,0,100
1950-11-01,--:--,-999,0,100
1950-12-01,--:--,-999,0,100
1951-01-01,--:--,-999,0,100
1951-02-01,--:--,-999,0,100
1951-03-01,--:--,-999,0,100
1951-04-01,--:--,-999,0,100
1951-05-01,--:--,-999,0,100
1951-06-01,--:--,-999,0,100
1951-07-01,--:--,-999,0,100
1951-08-01,--:--,-999,0,100
1951-09-01,--:--,-999,0,100
1951-10-01,--:--,-999,0,100
1951-11-01,--:--,-999,0,100
1951-12-01,--:--,-999,0,100
1952-01-01,--:--,-999,9.882,100
1952-02-01,--:--,-999,0.391,100
1952-03-01,--:--,-999,9.801,100
1952-04-01,--:--,-999,1.744,100
1952-05-01,--:--,-999,0.2,100
1952-06-01,--:--,-999,0,100
1952-07-01,--:--,-999,0,100
1952-08-01,--:--,-999,0,100
1952-09-01,--:--,-999,0,100
1952-10-01,--:--,-999,0,100
1952-11-01,--:--,-999,0,100
1952-12-01,--:--,-999,0,100
1953-01-01,--:--,-999,0.472,100
1953-02-01,--:--,-999,0.004,100
1953-03-01,--:--,-999,0.001,100
1953-04-01,--:--,-999,0,100
1953-05-01,--:--,-999,0,100
1953-06-01,--:--,-999,0,100
1953-07-01,--:--,-999,0,100
1953-08-01,--:--,-999,0,100
1953-09-01,--:--,-999,0,100
1953-10-01,--:--,-999,0,100
1953-11-01,--:--,-999,0,100
1953-12-01,--:--,-999,0,100
1954-01-01,--:--,-999,0.156,100
1954-02-01,--:--,-999,1.673,100
1954-03-01,--:--,-999,1.289,100
1954-04-01,--:--,-999,0.613,100
1954-05-01,--:--,-999,0.014,100
1954-06-01,--:--,-999,0,100
1954-07-01,--:--,-999,0,100
1954-08-01,--:--,-999,0,100
1954-09-01,--:--,-999,0,100
1954-10-01,--:--,-999,0,100
1954-11-01,--:--,-999,0,100
1954-12-01,--:--,-999,0,100
1955-01-01,--:--,-999,0,100
1955-02-01,--:--,-999,0,100
1955-03-01,--:--,-999,0,100
1955-04-01,--:--,-999,0,100
1955-05-01,--:--,-999,0,100
1955-06-01,--:--,-999,0,100
1955-07-01,--:--,-999,0,100
1955-08-01,--:--,-999,0,100
1955-09-01,--:--,-999,0,100
1955-10-01,--:--,-999,0,100
1955-11-01,--:--,-999,0,100
1955-12-01,--:--,-999,0,100
1956-01-01,--:--,-999,0,100
1956-02-01,--:--,-999,0,100
1956-03-01,--:--,-999,0,100
1956-04-01,--:--,-999,0,100
1956-05-01,--:--,-999,0,100
1956-06-01,--:--,-999,0,100
1956-07-01,--:--,-999,0,100
1956-08-01,--:--,-999,0,100
1956-09-01,--:--,-999,0,100
1956-10-01,--:--,-999,0,100
1956-11-01,--:--,-999,0,100
1956-12-01,--:--,-999,0,100
1957-01-01,--:--,-999,0,100
1957-02-01,--:--,-999,0,100
1957-03-01,--:--,-999,0,100
1957-04-01,--:--,-999,0,100
1957-05-01,--:--,-999,0,100
1957-06-01,--:--,-999,0,100
1957-07-01,--:--,-999,0,100
1957-08-01,--:--,-999,0,100
1957-09-01,--:--,-999,0,100
1957-10-01,--:--,-999,0,100
1957-11-01,--:--,-999,0,100
1957-12-01,--:--,-999,0,100
1958-01-01,--:--,-999,0,100
1958-02-01,--:--,-999,0,100
1958-03-01,--:--,-999,3.525,100
1958-04-01,--:--,-999,10.726,100
1958-05-01,--:--,-999,0.083,100
1958-06-01,--:--,-999,0,100
1958-07-01,--:--,-999,0,100
1958-08-01,--:--,-999,0,100
1958-09-01,--:--,-999,0,100
1958-10-01,--:--,-999,0,100
1958-11-01,--:--,-999,0,100
1958-12-01,--:--,-999,0,100
1959-01-01,--:--,-999,0,100
1959-02-01,--:--,-999,0,100
1959-03-01,--:--,-999,0,100
1959-04-01,--:--,-999,0,100
1959-05-01,--:--,-999,0,100
1959-06-01,--:--,-999,0,100
1959-07-01,--:--,-999,0,100
1959-08-01,--:--,-999,0,100
1959-09-01,--:--,-999,0,100
1959-10-01,--:--,-999,0,100
1959-11-01,--:--,-999,0,100
1959-12-01,--:--,-999,0,100
1960-01-01,--:--,-999,0,100
1960-02-01,--:--,-999,0,100
1960-03-01,--:--,-999,0,100
1960-04-01,--:--,-999,0,100
1960-05-01,--:--,-999,0,100
1960-06-01,--:--,-999,0,100
1960-07-01,--:--,-999,0,100
1960-08-01,--:--,-999,0,100
1960-09-01,--:--,-999,0,100
1960-10-01,--:--,-999,0,100
1960-11-01,--:--,-999,0,100
1960-12-01,--:--,-999,0,100
1961-01-01,--:--,-999,0,100
1961-02-01,--:--,-999,0,100
1961-03-01,--:--,-999,0,100
1961-04-01,--:--,-999,0,100
1961-05-01,--:--,-999,0,100
1961-06-01,--:--,-999,0,100
1961-07-01,--:--,-999,0,100
1961-08-01,--:--,-999,0,100
1961-09-01,--:--,-999,0,100
1961-10-01,--:--,-999,0,100
1961-11-01,--:--,-999,0,100
1961-12-01,--:--,-999,0,100
1962-01-01,--:--,-999,0,100
1962-02-01,--:--,-999,0,100
1962-03-01,--:--,-999,0,100
1962-04-01,--:--,-999,0,100
1962-05-01,--:--,-999,0,100
1962-06-01,--:--,-999,0,100
1962-07-01,--:--,-999,0,100
1962-08-01,--:--,-999,0,100
1962-09-01,--:--,-999,0,100
1962-10-01,--:--,-999,0,100
1962-11-01,--:--,-999,0,100
1962-12-01,--:--,-999,0,100
1963-01-01,--:--,-999,0,100
1963-02-01,--:--,-999,0,100
1963-03-01,--:--,-999,0,100
1963-04-01,--:--,-999,0,100
1963-05-01,--:--,-999,0,100
1963-06-01,--:--,-999,0,100
1963-07-01,--:--,-999,0,100
1963-08-01,--:--,-999,0,100
1963-09-01,--:--,-999,0,100
1963-10-01,--:--,-999,0,100
1963-11-01,--:--,-999,0,100
1963-12-01,--:--,-999,0,100
1964-01-01,--:--,-999,0,100
1964-02-01,--:--,-999,0,100
1964-03-01,--:--,-999,0,100
1964-04-01,--:--,-999,0,100
1964-05-01,--:--,-999,0,100
1964-06-01,--:--,-999,0,100
1964-07-01,--:--,-999,0,100
1964-08-01,--:--,-999,0,100
1964-09-01,--:--,-999,0,100
1964-10-01,--:--,-999,0,100
1964-11-01,--:--,-999,0,100
1964-12-01,--:--,-999,0,100
1965-01-01,--:--,-999,0,100
1965-02-01,--:--,-999,0,100
1965-03-01,--:--,-999,0,100
1965-04-01,--:--,-999,0,100
1965-05-01,--:--,-999,0,100
1965-06-01,--:--,-999,0,100
1965-07-01,--:--,-999,0,100
1965-08-01,--:--,-999,0,100
1965-09-01,--:--,-999,0,100
1965-10-01,--:--,-999,0,100
1965-11-01,--:--,-999,1.181,100
1965-12-01,--:--,-999,1.097,100
1966-01-01,--:--,-999,0.517,100
1966-02-01,--:--,-999,0.364,100
1966-03-01,--:--,-999,0.043,100
1966-04-01,--:--,-999,0.011,100
1966-05-01,--:--,-999,0.004,100
1966-06-01,--:--,-999,0,100
1966-07-01,--:--,-999,0,100
1966-08-01,--:--,-999,0,100
1966-09-01,--:--,-999,0,100
1966-10-01,--:--,-999,0,100
1966-11-01,--:--,-999,0,100
1966-12-01,--:--,-999,2.03,100
1967-01-01,--:--,-999,1.359,100
1967-02-01,--:--,-999,0.694,100
1967-03-01,--:--,-999,0.287,100
1967-04-01,--:--,-999,0.436,100
1967-05-01,--:--,-999,0.057,100
1967-06-01,--:--,-999,0.007,100
1967-07-01,--:--,-999,0.002,100
1967-08-01,--:--,-999,0,100
1967-09-01,--:--,-999,0,100
1967-10-01,--:--,-999,0,100
1967-11-01,--:--,-999,0,100
1967-12-01,--:--,-999,0,100
1968-01-01,--:--,-999,0,100
1968-02-01,--:--,-999,0,100
1968-03-01,--:--,-999,0,100
1968-04-01,--:--,-999,0,100
1968-05-01,--:--,-999,0,100
1968-06-01,--:--,-999,0,100
1968-07-01,--:--,-999,0,100
1968-08-01,--:--,-999,0,100
1968-09-01,--:--,-999,0,100
1968-10-01,--:--,-999,0,100
1968-11-01,--:--,-999,0,100
1968-12-01,--:--,-999,0,100
1969-01-01,--:--,-999,9.982,100
1969-02-01,--:--,-999,40.74,100
1969-03-01,--:--,-999,5.213,100
1969-04-01,--:--,-999,1.429,100
1969-05-01,--:--,-999,0.324,100
1969-06-01,--:--,-999,0.043,100
1969-07-01,--:--,-999,0.014,100
1969-08-01,--:--,-999,0.01,100
1969-09-01,--:--,-999,0.008,100
1969-10-01,--:--,-999,0.007,100
1969-11-01,--:--,-999,0.007,100
1969-12-01,--:--,-999,0.007,100
1970-01-01,--:--,-999,0.008,100
1970-02-01,--:--,-999,0.009,100
1970-03-01,--:--,-999,2.072,100
1970-04-01,--:--,-999,0.022,100
1970-05-01,--:--,-999,0.005,100
1970-06-01,--:--,-999,0.004,100
1970-07-01,--:--,-999,0.002,100
1970-08-01,--:--,-999,0,100
1970-09-01,--:--,-999,0,100
1970-10-01,--:--,-999,0,100
1970-11-01,--:--,-999,0,100
1970-12-01,--:--,-999,0,100
1971-01-01,--:--,-999,0,100
1971-02-01,--:--,-999,0,100
1971-03-01,--:--,-999,0,100
1971-04-01,--:--,-999,0,100
1971-05-01,--:--,-999,0,100
1971-06-01,--:--,-999,0,100
1971-07-01,--:--,-999,0,100
1971-08-01,--:--,-999,0,100
1971-09-01,--:--,-999,0,100
1971-10-01,--:--,-999,0,100
1971-11-01,--:--,-999,0,100
1971-12-01,--:--,-999,0,100
1972-01-01,--:--,-999,0,100
1972-02-01,--:--,-999,0,100
1972-03-01,--:--,-999,0,100
1972-04-01,--:--,-999,0,100
1972-05-01,--:--,-999,0,100
1972-06-01,--:--,-999,0,100
1972-07-01,--:--,-999,0,100
1972-08-01,--:--,-999,0,100
1972-09-01,--:--,-999,0,100
1972-10-01,--:--,-999,0,100
1972-11-01,--:--,-999,0,100
1972-12-01,--:--,-999,0,100
1973-01-01,--:--,-999,0,100
1973-02-01,--:--,-999,1.551,100
1973-03-01,--:--,-999,1.556,100
1973-04-01,--:--,-999,0.201,100
1973-05-01,--:--,-999,0.026,100
1973-06-01,--:--,-999,0.012,100
1973-07-01,--:--,-999,0.002,100
1973-08-01,--:--,-999,0,100
1973-09-01,--:--,-999,0,100
1973-10-01,--:--,-999,0,100
1973-11-01,--:--,-999,0,100
1973-12-01,--:--,-999,0,100
1974-01-01,--:--,-999,0.933,100
1974-02-01,--:--,-999,0.062,100
1974-03-01,--:--,-999,0.16,100
1974-04-01,--:--,-999,0.013,100
1974-05-01,--:--,-999,0,100
1974-06-01,--:--,-999,0,100
1974-07-01,--:--,-999,0,100
1974-08-01,--:--,-999,0,100
1974-09-01,--:--,-999,0,100
1974-10-01,--:--,-999,0,100
1974-11-01,--:--,-999,0,100
1974-12-01,--:--,-999,0,100
1975-01-01,--:--,-999,0,100
1975-02-01,--:--,-999,0,100
1975-03-01,--:--,-999,0,100
1975-04-01,--:--,-999,0,100
1975-05-01,--:--,-999,0,100
1975-06-01,--:--,-999,0,100
1975-07-01,--:--,-999,0,100
1975-08-01,--:--,-999,0,100
1975-09-01,--:--,-999,0,100
1975-10-01,--:--,-999,0,100
1975-11-01,--:--,-999,0,100
1975-12-01,--:--,-999,0,100
1976-01-01,--:--,-999,0,100
1976-02-01,--:--,-999,0,100
1976-03-01,--:--,-999,0,100
1976-04-01,--:--,-999,0,100
1976-05-01,--:--,-999,0,100
1976-06-01,--:--,-999,0,100
1976-07-01,--:--,-999,0,100
1976-08-01,--:--,-999,0,100
1976-09-01,--:--,-999,0,100
1976-10-01,--:--,-999,0,100
1976-11-01,--:--,-999,0,100
1976-12-01,--:--,-999,0,100
1977-01-01,--:--,-999,0,100
1977-02-01,--:--,-999,0,100
1977-03-01,--:--,-999,0,100
1977-04-01,--:--,-999,0,100
1977-05-01,--:--,-999,0,100
1977-06-01,--:--,-999,0,100
1977-07-01,--:--,-999,0,100
1977-08-01,--:--,-999,0,100
1977-09-01,--:--,-999,0,100
1977-10-01,--:--,-999,0,100
1977-11-01,--:--,-999,0,100
1977-12-01,--:--,-999,0,100
1978-01-01,--:--,-999,21.204,100
1978-02-01,--:--,-999,21.079,100
1978-03-01,--:--,-999,30.317,100
1978-04-01,--:--,-999,1.261,100
1978-05-01,--:--,-999,0.467,100
1978-06-01,--:--,-999,0.127,100
1978-07-01,--:--,-999,0,100
1978-08-01,--:--,-999,0,100
1978-09-01,--:--,-999,0,100
1978-10-01,--:--,-999,0,100
1978-11-01,--:--,-999,0,100
1978-12-01,--:--,-999,0.766,100
1979-01-01,--:--,-999,6.854,100
1979-02-01,--:--,-999,7.305,100
1979-03-01,--:--,-999,4.848,100
1979-04-01,--:--,-999,3.016,100
1979-05-01,--:--,-999,0.803,100
1979-06-01,--:--,-999,0.342,100
1979-07-01,--:--,-999,0.089,100
1979-08-01,--:--,-999,0,100
1979-09-01,--:--,-999,0,100
1979-10-01,--:--,-999,0,100
1979-11-01,--:--,-999,0,100
1979-12-01,--:--,-999,0,100
1980-01-01,--:--,-999,11.855,100
1980-02-01,--:--,-999,63.675,100
1980-03-01,--:--,-999,17.127,100
1980-04-01,--:--,-999,4.347,100
1980-05-01,--:--,-999,1.493,100
1980-06-01,--:--,-999,0.058,100
1980-07-01,--:--,-999,0.048,100
1980-08-01,--:--,-999,0.023,100
1980-09-01,--:--,-999,0.019,100
1980-10-01,--:--,-999,0.341,100
1980-11-01,--:--,-999,0.34,100
1980-12-01,--:--,-999,0.743,100
1981-01-01,--:--,-999,0.62,100
1981-02-01,--:--,-999,0.824,100
1981-03-01,--:--,-999,1.43,100
1981-04-01,--:--,-999,0.625,100
1981-05-01,--:--,-999,0.385,100
1981-06-01,--:--,-999,0.092,100
1981-07-01,--:--,-999,0,100
1981-08-01,--:--,-999,0,100
1981-09-01,--:--,-999,0,100
1981-10-01,--:--,-999,0,100
1981-11-01,--:--,-999,0.097,100
1981-12-01,--:--,-999,0.266,100
1982-01-01,--:--,-999,2.343,100
1982-02-01,--:--,-999,1.74,100
1982-03-01,--:--,-999,6.054,100
1982-04-01,--:--,-999,2.123,100
1982-05-01,--:--,-999,0.597,100
1982-06-01,--:--,-999,0.34,100
1982-07-01,--:--,-999,0.171,100
1982-08-01,--:--,-999,0,100
1982-09-01,--:--,-999,0,100
1982-10-01,--:--,-999,0.063,100
1982-11-01,--:--,-999,1.389,100
1982-12-01,--:--,-999,1.727,100
1983-01-01,--:--,-999,2.835,100
1983-02-01,--:--,-999,6.113,100
1983-03-01,--:--,-999,22.574,100
1983-04-01,--:--,-999,5.707,100
1983-05-01,--:--,-999,2.522,100
1983-06-01,--:--,-999,0.843,100
1983-07-01,--:--,-999,0.274,100
1983-08-01,--:--,-999,0.894,100
1983-09-01,--:--,-999,0.119,100
1983-10-01,--:--,-999,1.113,100
1983-11-01,--:--,-999,1.755,100
1983-12-01,--:--,-999,3.498,100
1984-01-01,--:--,-999,0.993,100
1984-02-01,--:--,-999,0.604,100
1984-03-01,--:--,-999,0.342,100
1984-04-01,--:--,-999,0.118,100
1984-05-01,--:--,-999,0.045,100
1984-06-01,--:--,-999,0,100
1984-07-01,--:--,-999,0,100
1984-08-01,--:--,-999,0,100
1984-09-01,--:--,-999,0,100
1984-10-01,--:--,-999,0,100
1984-11-01,--:--,-999,0,100
1984-12-01,--:--,-999,1.819,100
1985-01-01,--:--,-999,0.679,100
1985-02-01,--:--,-999,1.15,100
1985-03-01,--:--,-999,0.663,100
1985-04-01,--:--,-999,0.41,100
1985-05-01,--:--,-999,0.18,100
1985-06-01,--:--,-999,0,100
1985-07-01,--:--,-999,0,100
1985-08-01,--:--,-999,0,100
1985-09-01,--:--,-999,0,100
1985-10-01,--:--,-999,0,100
1985-11-01,--:--,-999,1.059,100
1985-12-01,--:--,-999,0.577,100
1986-01-01,--:--,-999,0.151,100
1986-02-01,--:--,-999,2.668,100
1986-03-01,--:--,-999,5.201,100
1986-04-01,--:--,-999,0.914,100
1986-05-01,--:--,-999,0.333,100
1986-06-01,--:--,-999,0.312,100
1986-07-01,--:--,-999,0.027,100
1986-08-01,--:--,-999,0,100
1986-09-01,--:--,-999,0.141,100
1986-10-01,--:--,-999,0.185,100
1986-11-01,--:--,-999,0.483,100
1986-12-01,--:--,-999,0.493,100
1987-01-01,--:--,-999,0.706,100
1987-02-01,--:--,-999,0.517,100
1987-03-01,--:--,-999,0.109,100
1987-04-01,--:--,-999,0.121,100
1987-05-01,--:--,-999,0.053,100
1987-06-01,--:--,-999,0.003,100
1987-07-01,--:--,-999,0,100
1987-08-01,--:--,-999,0,100
1987-09-01,--:--,-999,0,100
1987-10-01,--:--,-999,0.139,100
1987-11-01,--:--,-999,0.986,100
1987-12-01,--:--,-999,1.005,100
1988-01-01,--:--,-999,1.203,100
1988-02-01,--:--,-999,0.438,100
1988-03-01,--:--,-999,0.305,100
1988-04-01,--:--,-999,0.305,100
1988-05-01,--:--,-999,0.202,100
1988-06-01,--:--,-999,0.02,100
1988-07-01,--:--,-999,0,100
1988-08-01,--:--,-999,0,100
1988-09-01,--:--,-999,0,100
1988-10-01,--:--,-999,0,100
1988-11-01,--:--,-999,0.042,100
1988-12-01,--:--,-999,0.474,100
1989-01-01,--:--,-999,0.304,100
1989-02-01,--:--,-999,0.234,100
1989-03-01,--:--,-999,0.171,100
1989-04-01,--:--,-999,0.137,100
1989-05-01,--:--,-999,0.118,100
1989-06-01,--:--,-999,0.082,100
1989-07-01,--:--,-999,0,100
1989-08-01,--:--,-999,0,100
1989-09-01,--:--,-999,0,100
1989-10-01,--:--,-999,0,100
1989-11-01,--:--,-999,0.138,100
1989-12-01,--:--,-999,0,100
1990-01-01,--:--,-999,0.204,100
1990-02-01,--:--,-999,0.482,100
1990-03-01,--:--,-999,0.164,100
1990-04-01,--:--,-999,0.25,100
1990-05-01,--:--,-999,0.159,100
1990-06-01,--:--,-999,0.181,100
1990-07-01,--:--,-999,0.024,100
1990-08-01,--:--,-999,0,100
1990-09-01,--:--,-999,0,100
1990-10-01,--:--,-999,0,100
1990-11-01,--:--,-999,0.041,100
1990-12-01,--:--,-999,0.161,100
1991-01-01,--:--,-999,0.134,100
1991-02-01,--:--,-999,0.482,100
1991-03-01,--:--,-999,14.141,100
1991-04-01,--:--,-999,1.129,100
1991-05-01,--:--,-999,0.353,100
1991-06-01,--:--,-999,0.207,100
1991-07-01,--:--,-999,0.113,100
1991-08-01,--:--,-999,0.061,100
1991-09-01,--:--,-999,0.081,100
1991-10-01,--:--,-999,0.046,100
1991-11-01,--:--,-999,0.057,100
1991-12-01,--:--,-999,0.34,100
1992-01-01,--:--,-999,1.536,100
1992-02-01,--:--,-999,5.626,100
1992-03-01,--:--,-999,5.157,100
1992-04-01,--:--,-999,1.792,100
1992-05-01,--:--,-999,0.659,100
1992-06-01,--:--,-999,0.34,100
1992-07-01,--:--,-999,0.165,100
1992-08-01,--:--,-999,0.089,100
1992-09-01,--:--,-999,0.043,100
1992-10-01,--:--,-999,0.168,100
1992-11-01,--:--,-999,0.083,100
1992-12-01,--:--,-999,1.279,100
1993-01-01,--:--,-999,64.035,100
1993-02-01,--:--,-999,36.688,100
1993-03-01,--:--,-999,6.986,100
1993-04-01,--:--,-999,3.337,100
1993-05-01,--:--,-999,1.969,100
1993-06-01,--:--,-999,0.874,100
1993-07-01,--:--,-999,0.26,100
1993-08-01,--:--,-999,0.23,100
1993-09-01,--:--,-999,0.147,100
1993-10-01,--:--,-999,0.51,100
1993-11-01,--:--,-999,0.25,100
1993-12-01,--:--,-999,0.331,100
1994-01-01,--:--,-999,0.452,100
1994-02-01,--:--,-999,3.64,100
1994-03-01,--:--,-999,2.004,100
1994-04-01,--:--,-999,1.022,100
1994-05-01,--:--,-999,0.607,100
1994-06-01,--:--,-999,0.238,100
1994-07-01,--:--,-999,0.074,100
1994-08-01,--:--,-999,0,100
1994-09-01,--:--,-999,0,100
1994-10-01,--:--,-999,0,100
1994-11-01,--:--,-999,0.035,100
1994-12-01,--:--,-999,0.252,100
1995-01-01,--:--,-999,19.54,100
1995-02-01,--:--,-999,10.14,100
1995-03-01,--:--,-999,25.369,100
1995-04-01,--:--,-999,3.854,100
1995-05-01,--:--,-999,1.783,100
1995-06-01,--:--,-999,0.893,100
1995-07-01,--:--,-999,0.273,100
1995-08-01,--:--,-999,0.128,100
1995-09-01,--:--,-999,0.101,100
1995-10-01,--:--,-999,0.06,100
1995-11-01,--:--,-999,0.112,100
1995-12-01,--:--,-999,0.287,100
1996-01-01,--:--,-999,0.349,100
1996-02-01,--:--,-999,2.211,100
1996-03-01,--:--,-999,1.793,100
1996-04-01,--:--,-999,0.35,100
1996-05-01,--:--,-999,0.119,100
1996-06-01,--:--,-999,0.026,100
1996-07-01,--:--,-999,0,100
1996-08-01,--:--,-999,0,100
1996-09-01,--:--,-999,0,100
1996-10-01,--:--,-999,0,100
1996-11-01,--:--,-999,1.148,100
1996-12-01,--:--,-999,1.267,100
1997-01-01,--:--,-999,6.682,100
1997-02-01,--:--,-999,2.11,100
1997-03-01,--:--,-999,0.793,100
1997-04-01,--:--,-999,0.293,100
1997-05-01,--:--,-999,0.13,100
1997-06-01,--:--,-999,0.012,100
1997-07-01,--:--,-999,0,100
1997-08-01,--:--,-999,0,100
1997-09-01,--:--,-999,0,100
1997-10-01,--:--,-999,0,100
1997-11-01,--:--,-999,0.193,100
1997-12-01,--:--,-999,1.199,100
1998-01-01,--:--,-999,1.799,100
1998-02-01,--:--,-999,33.787,100
1998-03-01,--:--,-999,6.783,100
1998-04-01,--:--,-999,5.391,100
1998-05-01,--:--,-999,3.43,100
1998-06-01,--:--,-999,1.036,100
1998-07-01,--:--,-999,0.286,100
1998-08-01,--:--,-999,0.129,100
1998-09-01,--:--,-999,0.198,100
1998-10-01,--:--,-999,0.141,100
1998-11-01,--:--,-999,0.543,100
1998-12-01,--:--,-999,0.496,100
1999-01-01,--:--,-999,0.832,100
1999-02-01,--:--,-999,0.716,89
1999-03-01,--:--,-999,-999,0
1999-04-01,--:--,-999,-999,0
1999-05-01,--:--,-999,-999,0
1999-06-01,--:--,-999,-999,0
1999-07-01,--:--,-999,-999,0
1999-08-01,--:--,-999,-999,0
1999-09-01,--:--,-999,-999,0
1999-10-01,--:--,-999,-999,0
1999-11-01,--:--,-999,-999,0
1999-12-01,--:--,-999,-999,0
2000-01-01,--:--,-999,-999,0
2000-02-01,--:--,-999,-999,0
2000-03-01,--:--,-999,-999,0
2000-04-01,--:--,-999,-999,0
2000-05-01,--:--,-999,-999,0
2000-06-01,--:--,-999,-999,0
2000-07-01,--:--,-999,-999,0
2000-08-01,--:--,-999,-999,0
2000-09-01,--:--,-999,-999,0
2000-10-01,--:--,-999,-999,0
2000-11-01,--:--,-999,-999,0
2000-12-01,--:--,-999,-999,0
2001-01-01,--:--,-999,-999,0
2001-02-01,--:--,-999,-999,0
2001-03-01,--:--,-999,-999,0
2001-04-01,--:--,-999,-999,0
2001-05-01,--:--,-999,-999,0
2001-06-01,--:--,-999,-999,0
2001-07-01,--:--,-999,-999,0
2001-08-01,--:--,-999,-999,0
2001-09-01,--:--,-999,-999,0
2001-10-01,--:--,-999,0.047,100
2001-11-01,--:--,-999,0.351,100
2001-12-01,--:--,-999,0.625,100
2002-01-01,--:--,-999,0.209,100
2002-02-01,--:--,-999,0.274,100
2002-03-01,--:--,-999,0.34,100
2002-04-01,--:--,-999,0.115,100
2002-05-01,--:--,-999,0.106,100
2002-06-01,--:--,-999,0.035,100
2002-07-01,--:--,-999,0,100
2002-08-01,--:--,-999,0,100
2002-09-01,--:--,-999,0,100
2002-10-01,--:--,-999,0,100
2002-11-01,--:--,-999,0,100
2002-12-01,--:--,-999,0.611,100
2003-01-01,--:--,-999,0.331,100
2003-02-01,--:--,-999,5.642,100
2003-03-01,--:--,-999,6.652,100
2003-04-01,--:--,-999,2.476,100
2003-05-01,--:--,-999,0.915,100
2003-06-01,--:--,-999,0.662,100
2003-07-01,--:--,-999,0.469,100
2003-08-01,--:--,-999,0.37,100
2003-09-01,--:--,-999,0.332,100
2003-10-01,--:--,-999,0.23,100
2003-11-01,--:--,-999,0.401,100
2003-12-01,--:--,-999,0.639,100
2004-01-01,--:--,-999,0.625,100
2004-02-01,--:--,-999,2.581,100
2004-03-01,--:--,-999,0.778,100
2004-04-01,--:--,-999,0.567,100
2004-05-01,--:--,-999,0.142,100
2004-06-01,--:--,-999,0.055,100
2004-07-01,--:--,-999,0.044,100
2004-08-01,--:--,-999,0.009,100
2004-09-01,--:--,-999,0,100
2004-10-01,--:--,-999,6.045,100
2004-11-01,--:--,-999,1.28,100
2004-12-01,--:--,-999,3.455,100
2005-01-01,--:--,-999,42.302,100
2005-02-01,--:--,-999,19.771,100
2005-03-01,--:--,-999,6.704,100
2005-04-01,--:--,-999,2.45,100
2005-05-01,--:--,-999,1.733,100
2005-06-01,--:--,-999,0.749,100
2005-07-01,--:--,-999,0.441,100
2005-08-01,--:--,-999,0.366,100
2005-09-01,--:--,-999,0.38,100
2005-10-01,--:--,-999,0.173,100
2005-11-01,--:--,-999,0.3,100
2005-12-01,--:--,-999,0.686,100
2006-01-01,--:--,-999,1.55,100
2006-02-01,--:--,-999,1.425,100
2006-03-01,--:--,-999,1.634,100
2006-04-01,--:--,-999,2.265,100
2006-05-01,--:--,-999,0.483,100
2006-06-01,--:--,-999,0.265,100
2006-07-01,--:--,-999,0.035,100
2006-08-01,--:--,-999,0.002,100
2006-09-01,--:--,-999,0.059,100
2006-10-01,--:--,-999,0.182,100
2006-11-01,--:--,-999,0.112,100
2006-12-01,--:--,-999,0.069,100
2007-01-01,--:--,-999,0.107,100
2007-02-01,--:--,-999,0.427,100
2007-03-01,--:--,-999,0.429,100
2007-04-01,--:--,-999,0.358,100
2007-05-01,--:--,-999,0.145,100
2007-06-01,--:--,-999,0.049,100
2007-07-01,--:--,-999,0,100
2007-08-01,--:--,-999,0,100
2007-09-01,--:--,-999,0,100
2007-10-01,--:--,-999,0.068,100
2007-11-01,--:--,-999,0.218,100
2007-12-01,--:--,-999,1.557,100
2008-01-01,--:--,-999,7.137,100
2008-02-01,--:--,-999,3.618,100
2008-03-01,--:--,-999,0.879,100
2008-04-01,--:--,-999,0.316,100
2008-05-01,--:--,-999,0.491,100
2008-06-01,--:--,-999,0.202,100
2008-07-01,--:--,-999,0.031,100
2008-08-01,--:--,-999,0,100
2008-09-01,--:--,-999,0,100
2008-10-01,--:--,-999,0.297,100
2008-11-01,--:--,-999,0.222,100
2008-12-01,--:--,-999,3.735,100
2009-01-01,--:--,-999,0.409,100
2009-02-01,--:--,-999,3.4,100
2009-03-01,--:--,-999,0.735,100
2009-04-01,--:--,-999,0.343,100
2009-05-01,--:--,-999,0.159,100
2009-06-01,--:--,-999,0.153,100
2009-07-01,--:--,-999,0.124,100
2009-08-01,--:--,-999,0.02,100
2009-09-01,--:--,-999,0,100
2009-10-01,--:--,-999,0,100
2009-11-01,--:--,-999,0,100
2009-12-01,--:--,-999,1.499,100
2010-01-01,--:--,-999,14.117,100
2010-02-01,--:--,-999,6.701,100
2010-03-01,--:--,-999,1.454,100
2010-04-01,--:--,-999,1.164,100
2010-05-01,--:--,-999,0.455,100
2010-06-01,--:--,-999,0.178,100
2010-07-01,--:--,-999,0.098,100
2010-08-01,--:--,-999,0.031,100
2010-09-01,--:--,-999,0,100
2010-10-01,--:--,-999,0.027,100
2010-11-01,--:--,-999,0.071,100
2010-12-01,--:--,-999,30.226,100
2011-01-01,--:--,-999,3.6,100
2011-02-01,--:--,-999,4.111,100
2011-03-01,--:--,-999,3.939,100
2011-04-01,--:--,-999,1.515,100
2011-05-01,--:--,-999,0.707,100
2011-06-01,--:--,-999,0.549,100
2011-07-01,--:--,-999,0.372,100
2011-08-01,--:--,-999,0.228,100
2011-09-01,--:--,-999,0.224,100
2011-10-01,--:--,-999,0.157,100
2011-11-01,--:--,-999,0.268,100
2011-12-01,--:--,-999,0.447,100
2012-01-01,--:--,-999,0.373,100
2012-02-01,--:--,-999,0.484,100
2012-03-01,--:--,-999,1.115,100
2012-04-01,--:--,-999,0.621,100
2012-05-01,--:--,-999,0.256,100
2012-06-01,--:--,-999,0.123,100
2012-07-01,--:--,-999,0,100
2012-08-01,--:--,-999,0,100
2012-09-01,--:--,-999,0,100
2012-10-01,--:--,-999,0,100
2012-11-01,--:--,-999,0,100
2012-12-01,--:--,-999,0.146,100
2013-01-01,--:--,-999,0.1,100
2013-02-01,--:--,-999,0.102,100
2013-03-01,--:--,-999,0.516,100
2013-04-01,--:--,-999,0.128,100
2013-05-01,--:--,-999,0.004,100
2013-06-01,--:--,-999,0,100
2013-07-01,--:--,-999,0,100
2013-08-01,--:--,-999,0,100
2013-09-01,--:--,-999,0.065,100
2013-10-01,--:--,-999,0,100
2013-11-01,--:--,-999,0,100
2013-12-01,--:--,-999,0,100
2014-01-01,--:--,-999,0,100
2014-02-01,--:--,-999,0.149,100
2014-03-01,--:--,-999,2.521,100
2014-04-01,--:--,-999,0.14,100
2014-05-01,--:--,-999,0.08,100
2014-06-01,--:--,-999,0,100
2014-07-01,--:--,-999,0,100
2014-08-01,--:--,-999,0,100
2014-09-01,--:--,-999,0.059,100
2014-10-01,--:--,-999,0,100
2014-11-01,--:--,-999,0,100
2014-12-01,--:--,-999,1.404,100
2015-01-01,--:--,-999,0.366,100
2015-02-01,--:--,-999,0.344,100
2015-03-01,--:--,-999,0.299,100
2015-04-01,--:--,-999,0.215,100
2015-05-01,--:--,-999,0.299,100
2015-06-01,--:--,-999,0.095,100
2015-07-01,--:--,-999,0.002,100
2015-08-01,--:--,-999,0,100
2015-09-01,--:--,-999,0.14,100
2015-10-01,--:--,-999,0.02,100
2015-11-01,--:--,-999,0.022,100
2015-12-01,--:--,-999,0.035,100
2016-01-01,--:--,-999,0.879,100
2016-02-01,--:--,-999,0.344,100
2016-03-01,--:--,-999,0.147,100
2016-04-01,--:--,-999,0.146,100
2016-05-01,--:--,-999,0.112,100
2016-06-01,--:--,-999,0.002,100
2016-07-01,--:--,-999,0,100
2016-08-01,--:--,-999,0,100
2016-09-01,--:--,-999,0.12,100
2016-10-01,--:--,-999,0,100
2016-11-01,--:--,-999,0.001,100
2016-12-01,--:--,-999,1.678,100
2017-01-01,--:--,-999,16.488,100
2017-02-01,--:--,-999,5.277,100
2017-03-01,--:--,-999,2.611,100
2017-04-01,--:--,-999,0.611,100
2017-05-01,--:--,-999,0.66,100
2017-06-01,--:--,-999,0.338,100
2017-07-01,--:--,-999,0.125,100
2017-08-01,--:--,-999,0.078,100
2017-09-01,--:--,-999,0.055,100
2017-10-01,--:--,-999,0.044,100
2017-11-01,--:--,-999,0.146,100
2017-12-01,--:--,-999,0.066,100
2018-01-01,--:--,-999,1.784,100
2018-02-01,--:--,-999,0.277,100
2018-03-01,--:--,-999,0.51,100
2018-04-01,--:--,-999,0.19,100
2018-05-01,--:--,-999,0.027,100
2018-06-01,--:--,-999,0,100
2018-07-01,--:--,-999,0,100
2018-08-01,--:--,-999,0,100
2018-09-01,--:--,-999,0,100
2018-10-01,--:--,-999,0,100
2018-11-01,--:--,-999,0,100
2018-12-01,--:--,-999,0.262,100
2019-01-01,--:--,-999,1.371,100
2019-02-01,--:--,-999,9.818,93
2019-03-01,--:--,-999,2.8,100
2019-04-01,--:--,-999,0.721,100
2019-05-01,--:--,-999,0.802,100
2019-06-01,--:--,-999,0.343,100
2019-07-01,--:--,-999,0.097,100
2019-08-01,--:--,-999,0.014,100
2019-09-01,--:--,-999,0,100
2019-10-01,--:--,-999,0.056,100
2019-11-01,--:--,-999,1.201,100
2019-12-01,--:--,-999,1.937,100
2020-01-01,--:--,-999,0.419,100
2020-02-01,--:--,-999,0.315,100
2020-03-01,--:--,-999,4.99,100
2020-04-01,--:--,-999,11.503,100
2020-05-01,--:--,-999,0.53,100
2020-06-01,--:--,-999,0.289,100
2020-07-01,--:--,-999,0.137,100
2020-08-01,--:--,-999,0.002,100
2020-09-01,--:--,-999,0.138,100
2020-10-01,--:--,-999,0.231,100
2020-11-01,--:--,-999,0,100
2020-12-01,--:--,-999,0.399,100
2021-01-01,--:--,-999,0.616,100
2021-02-01,--:--,-999,0.204,100
2021-03-01,--:--,-999,0.437,100
2021-04-01,--:--,-999,0.252,100
2021-05-01,--:--,-999,0.017,100
2021-06-01,--:--,-999,0,100
2021-07-01,--:--,-999,0,100
2021-08-01,--:--,-999,0,100
2021-09-01,--:--,-999,0,100
2021-10-01,--:--,-999,0,100
2021-11-01,--:--,-999,0,100
2021-12-01,--:--,-999,4.002,100
2022-01-01,--:--,-999,0.214,100
2022-02-01,--:--,-999,0.008,100
2022-03-01,--:--,-999,0.132,100
2022-04-01,--:--,-999,0.053,100
2022-05-01,--:--,-999,-999,6
